insert into jpa_user (digits, name, age) values ('010-0357-9986', '이동욱', 43);
insert into jpa_user (digits, name, age) values ('010-0337-9986', '김범', 33);
insert into jpa_user (digits, name, age) values ('010-0265-7845', '조보아', 31);
insert into jpa_user (digits, name, age) values ('010-0684-5646', '황희', 34);
insert into jpa_user (digits, name, age) values ('010-0842-7105', '김정난', 51);
insert into jpa_user (digits, name, age) values ('010-0843-7105', '안길강', 56);
insert into jpa_user (digits, name, age) values ('010-0265-4154', '주석태', 47);
insert into jpa_user (digits, name, age) values ('010-0354-5684', '정이서', 29);
insert into jpa_user (digits, name, age) values ('010-0684-5615', '김강민', 24);
insert into jpa_user (digits, name, age) values ('010-0985-1468', '엄효섭', 56);

insert into jpa_contest (name, win_amnt) values ('제1회 국가어항 디지털 사진 공모전', 35000000);
insert into jpa_contest (name, win_amnt) values ('제2회 국가어항 디지털 사진 공모전', 40000000);
insert into jpa_contest (name, win_amnt) values ('제3회 국가어항 디지털 사진 공모전', 45000000);
insert into jpa_contest (name, win_amnt) values ('제4회 국가어항 디지털 사진 영상 공모전', 50000000);

insert into jpa_participant (participant_digit, contest_name) values ('010-0357-9986', '제1회 국가어항 디지털 사진 공모전');
insert into jpa_participant (participant_digit, contest_name) values ('010-0842-7105', '제1회 국가어항 디지털 사진 공모전');
insert into jpa_participant (participant_digit, contest_name) values ('010-0843-7105', '제1회 국가어항 디지털 사진 공모전');
insert into jpa_participant (participant_digit, contest_name) values ('010-0265-4154', '제1회 국가어항 디지털 사진 공모전');
insert into jpa_participant (participant_digit, contest_name) values ('010-0985-1468', '제1회 국가어항 디지털 사진 공모전');

insert into jpa_participant (participant_digit, contest_name) values ('010-0357-9986', '제2회 국가어항 디지털 사진 공모전');
insert into jpa_participant (participant_digit, contest_name) values ('010-0337-9986', '제2회 국가어항 디지털 사진 공모전');
insert into jpa_participant (participant_digit, contest_name) values ('010-0265-7845', '제2회 국가어항 디지털 사진 공모전');
insert into jpa_participant (participant_digit, contest_name) values ('010-0684-5646', '제2회 국가어항 디지털 사진 공모전');
insert into jpa_participant (participant_digit, contest_name) values ('010-0842-7105', '제2회 국가어항 디지털 사진 공모전');
insert into jpa_participant (participant_digit, contest_name) values ('010-0843-7105', '제2회 국가어항 디지털 사진 공모전');
insert into jpa_participant (participant_digit, contest_name) values ('010-0265-4154', '제2회 국가어항 디지털 사진 공모전');
insert into jpa_participant (participant_digit, contest_name) values ('010-0985-1468', '제2회 국가어항 디지털 사진 공모전');

insert into jpa_participant (participant_digit, contest_name) values ('010-0265-7845', '제3회 국가어항 디지털 사진 공모전');
insert into jpa_participant (participant_digit, contest_name) values ('010-0684-5646', '제3회 국가어항 디지털 사진 공모전');
insert into jpa_participant (participant_digit, contest_name) values ('010-0842-7105', '제3회 국가어항 디지털 사진 공모전');
insert into jpa_participant (participant_digit, contest_name) values ('010-0843-7105', '제3회 국가어항 디지털 사진 공모전');
insert into jpa_participant (participant_digit, contest_name) values ('010-0265-4154', '제3회 국가어항 디지털 사진 공모전');
insert into jpa_participant (participant_digit, contest_name) values ('010-0354-5684', '제3회 국가어항 디지털 사진 공모전');
insert into jpa_participant (participant_digit, contest_name) values ('010-0684-5615', '제3회 국가어항 디지털 사진 공모전');
insert into jpa_participant (participant_digit, contest_name) values ('010-0985-1468', '제3회 국가어항 디지털 사진 공모전');

insert into jpa_participant (participant_digit, contest_name) values ('010-0357-9986', '제4회 국가어항 디지털 사진 영상 공모전');
insert into jpa_participant (participant_digit, contest_name) values ('010-0337-9986', '제4회 국가어항 디지털 사진 영상 공모전');
insert into jpa_participant (participant_digit, contest_name) values ('010-0265-7845', '제4회 국가어항 디지털 사진 영상 공모전');
insert into jpa_participant (participant_digit, contest_name) values ('010-0684-5646', '제4회 국가어항 디지털 사진 영상 공모전');
insert into jpa_participant (participant_digit, contest_name) values ('010-0842-7105', '제4회 국가어항 디지털 사진 영상 공모전');
insert into jpa_participant (participant_digit, contest_name) values ('010-0843-7105', '제4회 국가어항 디지털 사진 영상 공모전');
insert into jpa_participant (participant_digit, contest_name) values ('010-0265-4154', '제4회 국가어항 디지털 사진 영상 공모전');

